{"cameraMode":{"drawMode":0,"name":"Shaded","section":"Shading Mode"},"sceneLighting":true,"audioPlay":false,"sceneViewState":{"showFog":true,"showMaterialUpdate":false,"showSkybox":true,"showFlares":true,"showImageEffects":true,"showParticleSystems":true},"in2DMode":false,"pivot":{"x":-14.909392356872559,"y":8.746321678161621,"z":28.40281867980957},"rotation":{"x":-0.46775326132774355,"y":-0.0212087482213974,"z":0.011228173971176148,"w":-0.8835332989692688},"size":2.1184167861938478,"orthographic":false}